{"train/loss": 0.033, "train/grad_norm": 0.06747075170278549, "train/learning_rate": 0.00018756302521008404, "train/epoch": 0.42, "train/global_step": 42, "_timestamp": 1736075396.5236788, "_runtime": 165.53759169578552, "_step": 41}